{
  "openapi": "3.0.1",
  "info": {
    "title": "PhoneBook API",
    "description": "A simple API for managing a phone book.",
    "version": "v1"
  },
  "paths": {
    "/PhoneBook/list": {
      "get": {
        "tags": [
          "PhoneBook"
        ],
        "responses": {
          "200": {
            "description": "Success",
            "content": {
              "text/plain": {
                "schema": {
                  "type": "array",
                  "items": {
                    "$ref": "#/components/schemas/PhoneBookEntry"
                  }
                }
              },
              "application/json": {
                "schema": {
                  "type": "array",
                  "items": {
                    "$ref": "#/components/schemas/PhoneBookEntry"
                  }
                }
              },
              "text/json": {
                "schema": {
                  "type": "array",
                  "items": {
                    "$ref": "#/components/schemas/PhoneBookEntry"
                  }
                }
              }
            }
          }
        }
      }
    },
    "/PhoneBook/add": {
      "post": {
        "tags": [
          "PhoneBook"
        ],
        "requestBody": {
          "content": {
            "application/json": {
              "schema": {
                "$ref": "#/components/schemas/PhoneBookEntry"
              }
            },
            "text/json": {
              "schema": {
                "$ref": "#/components/schemas/PhoneBookEntry"
              }
            },
            "application/*+json": {
              "schema": {
                "$ref": "#/components/schemas/PhoneBookEntry"
              }
            }
          }
        },
        "responses": {
          "200": {
            "description": "Success"
          }
        }
      }
    },
    "/PhoneBook/deleteByName": {
      "put": {
        "tags": [
          "PhoneBook"
        ],
        "parameters": [
          {
            "name": "name",
            "in": "query",
            "schema": {
              "type": "string"
            }
          }
        ],
        "responses": {
          "200": {
            "description": "Success"
          }
        }
      }
    },
    "/PhoneBook/deleteByNumber": {
      "put": {
        "tags": [
          "PhoneBook"
        ],
        "parameters": [
          {
            "name": "number",
            "in": "query",
            "schema": {
              "type": "string"
            }
          }
        ],
        "responses": {
          "200": {
            "description": "Success"
          }
        }
      }
    }
  },
  "components": {
    "schemas": {
      "PhoneBookEntry": {
        "required": [
          "name",
          "phoneNumber"
        ],
        "type": "object",
        "properties": {
          "name": {
            "type": "string"
          },
          "phoneNumber": {
            "type": "string"
          }
        },
        "additionalProperties": false
      }
    }
  }
}